source_dir,session_id,encounter_id,encounter_start_timestamp,encounter_end_timestamp,has_completed_encounter,average_time_between_kills_seconds,encounter_total_time_seconds,player_average_accuracy,remaining_enemies,remaining_player_health,total_hits_taken
..\data\transform\anonymous_1,bd7cafdd-f8c4-45a2-a70f-3cd40509021a,01-001,2026-05-25 15:15:25,2026-05-25 15:15:30,1,5.0,5.0,0.45,0,90.0,1
..\data\transform\anonymous_1,bd7cafdd-f8c4-45a2-a70f-3cd40509021a,01-002,2026-05-25 15:15:39,2026-05-25 15:15:43,1,2.0,4.0,0.37,0,90.0,4
..\data\transform\anonymous_1,bd7cafdd-f8c4-45a2-a70f-3cd40509021a,01-003,2026-05-25 15:15:53,2026-05-25 15:15:58,1,5.0,5.0,0.34,0,100.0,0
..\data\transform\anonymous_1,bd7cafdd-f8c4-45a2-a70f-3cd40509021a,01-004,2026-05-25 15:16:15,2026-05-25 15:16:23,0,,8.0,0.34,2,0.0,10
..\data\transform\anonymous_1,bd7cafdd-f8c4-45a2-a70f-3cd40509021a,01-001,2026-05-25 15:16:30,2026-05-25 15:16:31,1,1.0,1.0,0.35,0,100.0,0
..\data\transform\anonymous_1,bd7cafdd-f8c4-45a2-a70f-3cd40509021a,01-002,2026-05-25 15:16:34,2026-05-25 15:16:35,1,0.5,1.0,0.39,0,100.0,0
..\data\transform\anonymous_1,bd7cafdd-f8c4-45a2-a70f-3cd40509021a,01-003,2026-05-25 15:16:39,2026-05-25 15:16:40,1,1.0,1.0,0.43,0,100.0,0
..\data\transform\anonymous_1,bd7cafdd-f8c4-45a2-a70f-3cd40509021a,01-004,2026-05-25 15:16:44,2026-05-25 15:16:50,1,3.0,6.0,0.45,0,100.0,0
..\data\transform\anonymous_1,bd7cafdd-f8c4-45a2-a70f-3cd40509021a,01-005,2026-05-25 15:16:57,2026-05-25 15:17:08,1,11.0,11.0,0.47,0,91.0,3
..\data\transform\anonymous_1,bd7cafdd-f8c4-45a2-a70f-3cd40509021a,01-006,2026-05-25 15:17:15,2026-05-25 15:17:44,1,7.25,29.0,0.49,0,71.0,6
..\data\transform\anonymous_1,bd7cafdd-f8c4-45a2-a70f-3cd40509021a,01-007,2026-05-25 15:17:51,2026-05-25 15:18:19,1,4.0,28.0,0.52,0,100.0,0
..\data\transform\anonymous_1,bd7cafdd-f8c4-45a2-a70f-3cd40509021a,01-008,2026-05-25 15:18:24,2026-05-25 15:18:38,1,7.0,14.0,0.54,0,70.0,5
..\data\transform\anonymous_1,bd7cafdd-f8c4-45a2-a70f-3cd40509021a,01-009,2026-05-25 15:18:43,2026-05-25 15:18:44,1,1.0,1.0,0.53,0,80.0,2
..\data\transform\anonymous_1,f334ff49-1976-40b8-a6b3-96cd8018c6df,01-001,2026-05-25 15:21:51,2026-05-25 15:21:53,1,2.0,2.0,0.15,0,100.0,0
..\data\transform\anonymous_1,f334ff49-1976-40b8-a6b3-96cd8018c6df,01-002,2026-05-25 15:21:55,2026-05-25 15:21:59,1,2.0,4.0,0.44,0,100.0,0
..\data\transform\anonymous_1,f334ff49-1976-40b8-a6b3-96cd8018c6df,01-003,2026-05-25 15:22:03,2026-05-25 15:22:09,1,6.0,6.0,0.5,0,60.0,4
..\data\transform\anonymous_1,f334ff49-1976-40b8-a6b3-96cd8018c6df,01-004,2026-05-25 15:22:13,2026-05-25 15:22:20,1,3.5,7.0,0.49,0,60.0,4
..\data\transform\anonymous_1,f334ff49-1976-40b8-a6b3-96cd8018c6df,01-005,2026-05-25 15:22:27,2026-05-25 15:22:43,1,16.0,16.0,0.5,0,97.0,1
..\data\transform\anonymous_1,f334ff49-1976-40b8-a6b3-96cd8018c6df,01-006,2026-05-25 15:22:47,2026-05-25 15:23:00,1,3.25,13.0,0.52,0,80.0,2
..\data\transform\anonymous_1,f334ff49-1976-40b8-a6b3-96cd8018c6df,01-007,2026-05-25 15:23:03,2026-05-25 15:23:27,1,3.43,24.0,0.57,0,100.0,0
..\data\transform\anonymous_1,f334ff49-1976-40b8-a6b3-96cd8018c6df,01-008,2026-05-25 15:23:33,2026-05-25 15:23:38,1,2.5,5.0,0.62,0,70.0,3
..\data\transform\anonymous_1,f334ff49-1976-40b8-a6b3-96cd8018c6df,01-009,2026-05-25 15:23:44,2026-05-25 15:23:46,1,2.0,2.0,0.61,0,90.0,1
..\data\transform\anonymous_1,f334ff49-1976-40b8-a6b3-96cd8018c6df,01-010,2026-05-25 15:23:57,2026-05-25 15:24:42,1,7.5,45.0,0.62,0,100.0,14
..\data\transform\anonymous_1,f334ff49-1976-40b8-a6b3-96cd8018c6df,02-001,2026-05-25 15:25:01,2026-05-25 15:25:02,1,1.0,1.0,0.65,0,100.0,0
..\data\transform\anonymous_1,f334ff49-1976-40b8-a6b3-96cd8018c6df,02-002,2026-05-25 15:25:15,2026-05-25 15:25:24,1,9.0,9.0,0.63,0,60.0,5
..\data\transform\anonymous_1,f334ff49-1976-40b8-a6b3-96cd8018c6df,02-003,2026-05-25 15:25:34,2026-05-25 15:26:39,1,21.67,65.0,0.6,0,90.0,19
..\data\transform\anonymous_1,f334ff49-1976-40b8-a6b3-96cd8018c6df,02-004,2026-05-25 15:27:01,2026-05-25 15:27:09,1,4.0,8.0,0.58,0,53.3,3
..\data\transform\anonymous_1,f334ff49-1976-40b8-a6b3-96cd8018c6df,02-005,2026-05-25 15:27:37,2026-05-25 15:27:50,1,4.33,13.0,0.57,0,70.0,3
..\data\transform\anonymous_1,f334ff49-1976-40b8-a6b3-96cd8018c6df,02-006,2026-05-25 15:27:53,2026-05-25 15:29:41,1,10.8,108.0,0.56,0,72.0,18
..\data\transform\anonymous_10,4e9e355a-6071-43ba-9f6e-dbc3a6d6a22c,01-001,2026-05-25 15:15:48,2026-05-25 15:15:50,1,2.0,2.0,0.75,0,80.0,2
..\data\transform\anonymous_10,4e9e355a-6071-43ba-9f6e-dbc3a6d6a22c,01-002,2026-05-25 15:16:01,2026-05-25 15:16:04,1,1.5,3.0,0.81,0,30.0,7
..\data\transform\anonymous_10,4e9e355a-6071-43ba-9f6e-dbc3a6d6a22c,01-003,2026-05-25 15:16:10,2026-05-25 15:16:11,1,1.0,1.0,0.73,0,80.0,2
..\data\transform\anonymous_10,4e9e355a-6071-43ba-9f6e-dbc3a6d6a22c,01-004,2026-05-25 15:16:26,2026-05-25 15:16:29,1,1.5,3.0,0.77,0,80.0,4
..\data\transform\anonymous_10,4e9e355a-6071-43ba-9f6e-dbc3a6d6a22c,01-005,2026-05-25 15:16:39,2026-05-25 15:16:54,1,15.0,15.0,0.8,0,91.0,3
..\data\transform\anonymous_10,4e9e355a-6071-43ba-9f6e-dbc3a6d6a22c,01-006,2026-05-25 15:17:00,2026-05-25 15:17:27,1,6.75,27.0,0.75,0,61.0,11
..\data\transform\anonymous_10,4e9e355a-6071-43ba-9f6e-dbc3a6d6a22c,01-007,2026-05-25 15:17:31,2026-05-25 15:17:55,1,3.43,24.0,0.75,0,100.0,0
..\data\transform\anonymous_10,4e9e355a-6071-43ba-9f6e-dbc3a6d6a22c,01-008,2026-05-25 15:18:33,2026-05-25 15:18:42,1,4.5,9.0,0.75,0,70.0,3
..\data\transform\anonymous_10,4e9e355a-6071-43ba-9f6e-dbc3a6d6a22c,01-009,2026-05-25 15:18:47,2026-05-25 15:18:49,1,2.0,2.0,0.73,0,80.0,2
..\data\transform\anonymous_10,4e9e355a-6071-43ba-9f6e-dbc3a6d6a22c,01-010,2026-05-25 15:19:09,2026-05-25 15:19:45,1,6.0,36.0,0.74,0,52.0,34
..\data\transform\anonymous_10,4e9e355a-6071-43ba-9f6e-dbc3a6d6a22c,02-001,2026-05-25 15:20:15,2026-05-25 15:20:16,1,1.0,1.0,0.76,0,90.0,1
..\data\transform\anonymous_10,4e9e355a-6071-43ba-9f6e-dbc3a6d6a22c,02-002,2026-05-25 15:20:26,2026-05-25 15:20:29,1,3.0,3.0,0.75,0,90.0,1
..\data\transform\anonymous_10,4e9e355a-6071-43ba-9f6e-dbc3a6d6a22c,02-003,2026-05-25 15:20:42,2026-05-25 15:21:32,1,16.67,50.0,0.73,0,85.0,26
..\data\transform\anonymous_10,4e9e355a-6071-43ba-9f6e-dbc3a6d6a22c,02-004,2026-05-25 15:22:24,2026-05-25 15:22:30,1,3.0,6.0,0.72,0,60.0,9
..\data\transform\anonymous_10,4e9e355a-6071-43ba-9f6e-dbc3a6d6a22c,02-005,2026-05-25 15:22:39,2026-05-25 15:22:50,0,8.0,11.0,0.69,2,0.0,9
..\data\transform\anonymous_10,4e9e355a-6071-43ba-9f6e-dbc3a6d6a22c,02-001,2026-05-25 15:23:00,2026-05-25 15:23:02,1,2.0,2.0,0.68,0,100.0,0
..\data\transform\anonymous_10,4e9e355a-6071-43ba-9f6e-dbc3a6d6a22c,02-002,2026-05-25 15:23:13,2026-05-25 15:23:16,1,3.0,3.0,0.68,0,90.0,1
..\data\transform\anonymous_10,4e9e355a-6071-43ba-9f6e-dbc3a6d6a22c,02-003,2026-05-25 15:23:25,2026-05-25 15:23:53,1,9.33,28.0,0.68,0,70.0,22
..\data\transform\anonymous_10,4e9e355a-6071-43ba-9f6e-dbc3a6d6a22c,02-004,2026-05-25 15:24:07,2026-05-25 15:24:11,1,2.0,4.0,0.68,0,90.0,1
..\data\transform\anonymous_10,4e9e355a-6071-43ba-9f6e-dbc3a6d6a22c,02-005,2026-05-25 15:24:20,2026-05-25 15:24:31,1,3.67,11.0,0.68,0,90.0,1
..\data\transform\anonymous_10,4e9e355a-6071-43ba-9f6e-dbc3a6d6a22c,02-006,2026-05-25 15:24:35,2026-05-25 15:26:45,1,13.0,130.0,0.69,0,100.0,6
..\data\transform\anonymous_11,27db3bb6-b5f8-41ff-927d-a24e4ca4f7d9,01-001,2026-05-25 15:16:40,2026-05-25 15:16:49,1,9.0,9.0,0.23,0,60.0,4
..\data\transform\anonymous_11,27db3bb6-b5f8-41ff-927d-a24e4ca4f7d9,01-002,2026-05-25 15:16:58,2026-05-25 15:17:02,1,2.0,4.0,0.31,0,90.0,1
..\data\transform\anonymous_11,27db3bb6-b5f8-41ff-927d-a24e4ca4f7d9,01-003,2026-05-25 15:17:23,2026-05-25 15:17:24,1,1.0,1.0,0.36,0,100.0,0
..\data\transform\anonymous_11,27db3bb6-b5f8-41ff-927d-a24e4ca4f7d9,01-004,2026-05-25 15:17:29,2026-05-25 15:17:32,1,1.5,3.0,0.43,0,70.0,3
..\data\transform\anonymous_11,27db3bb6-b5f8-41ff-927d-a24e4ca4f7d9,01-005,2026-05-25 15:17:43,2026-05-25 15:17:53,1,10.0,10.0,0.53,0,100.0,0
..\data\transform\anonymous_11,27db3bb6-b5f8-41ff-927d-a24e4ca4f7d9,01-006,2026-05-25 15:17:58,2026-05-25 15:18:19,1,5.25,21.0,0.55,0,80.0,6
..\data\transform\anonymous_11,27db3bb6-b5f8-41ff-927d-a24e4ca4f7d9,01-007,2026-05-25 15:18:30,2026-05-25 15:18:51,1,3.0,21.0,0.6,0,100.0,0
..\data\transform\anonymous_11,27db3bb6-b5f8-41ff-927d-a24e4ca4f7d9,01-008,2026-05-25 15:19:00,2026-05-25 15:19:09,1,4.5,9.0,0.64,0,100.0,1
..\data\transform\anonymous_11,27db3bb6-b5f8-41ff-927d-a24e4ca4f7d9,01-009,2026-05-25 15:19:15,2026-05-25 15:19:17,1,2.0,2.0,0.64,0,80.0,2
..\data\transform\anonymous_11,27db3bb6-b5f8-41ff-927d-a24e4ca4f7d9,01-010,2026-05-25 15:19:46,2026-05-25 15:20:21,1,5.83,35.0,0.65,0,100.0,17
..\data\transform\anonymous_11,27db3bb6-b5f8-41ff-927d-a24e4ca4f7d9,02-001,2026-05-25 15:20:40,2026-05-25 15:20:40,1,0.0,0.0,0.67,0,100.0,0
..\data\transform\anonymous_11,27db3bb6-b5f8-41ff-927d-a24e4ca4f7d9,02-002,2026-05-25 15:20:57,2026-05-25 15:20:59,1,2.0,2.0,0.67,0,17.3,2
..\data\transform\anonymous_11,27db3bb6-b5f8-41ff-927d-a24e4ca4f7d9,02-003,2026-05-25 15:21:16,2026-05-25 15:21:49,1,11.0,33.0,0.67,0,65.3,6
..\data\transform\anonymous_11,27db3bb6-b5f8-41ff-927d-a24e4ca4f7d9,02-004,2026-05-25 15:22:52,2026-05-25 15:22:58,1,3.0,6.0,0.67,0,48.2,4
..\data\transform\anonymous_11,27db3bb6-b5f8-41ff-927d-a24e4ca4f7d9,02-005,2026-05-25 15:23:08,2026-05-25 15:23:19,1,3.67,11.0,0.66,0,90.0,3
..\data\transform\anonymous_11,27db3bb6-b5f8-41ff-927d-a24e4ca4f7d9,02-006,2026-05-25 15:23:22,2026-05-25 15:25:43,1,14.1,141.0,0.65,0,100.0,19
..\data\transform\anonymous_12,1320a29f-6fb5-469d-811f-bcadf093fdb3,01-001,2026-05-25 15:18:17,2026-05-25 15:18:18,1,1.0,1.0,0.31,0,90.0,1
..\data\transform\anonymous_12,1320a29f-6fb5-469d-811f-bcadf093fdb3,01-002,2026-05-25 15:18:31,2026-05-25 15:18:32,0,,1.0,0.26,2,0.0,4
..\data\transform\anonymous_12,1320a29f-6fb5-469d-811f-bcadf093fdb3,01-001,2026-05-25 15:18:45,2026-05-25 15:18:46,1,0.0,1.0,0.33,0,100.0,0
..\data\transform\anonymous_12,1320a29f-6fb5-469d-811f-bcadf093fdb3,01-002,2026-05-25 15:18:48,2026-05-25 15:18:50,1,1.0,2.0,0.44,0,100.0,0
..\data\transform\anonymous_12,1320a29f-6fb5-469d-811f-bcadf093fdb3,01-003,2026-05-25 15:18:52,2026-05-25 15:18:55,1,3.0,3.0,0.45,0,80.0,2
..\data\transform\anonymous_12,1320a29f-6fb5-469d-811f-bcadf093fdb3,01-004,2026-05-25 15:19:01,2026-05-25 15:19:13,1,6.0,12.0,0.44,0,60.0,6
..\data\transform\anonymous_12,1320a29f-6fb5-469d-811f-bcadf093fdb3,01-005,2026-05-25 15:19:36,2026-05-25 15:19:53,1,17.0,17.0,0.42,0,88.0,4
..\data\transform\anonymous_12,1320a29f-6fb5-469d-811f-bcadf093fdb3,01-006,2026-05-25 15:20:00,2026-05-25 15:20:31,1,7.75,31.0,0.43,0,60.0,16
..\data\transform\anonymous_12,1320a29f-6fb5-469d-811f-bcadf093fdb3,01-007,2026-05-25 15:20:57,2026-05-25 15:21:02,0,1.0,5.0,0.43,6,0.0,1
..\data\transform\anonymous_12,1320a29f-6fb5-469d-811f-bcadf093fdb3,01-001,2026-05-25 15:21:42,2026-05-25 15:21:43,1,1.0,1.0,0.43,0,100.0,0
..\data\transform\anonymous_12,1320a29f-6fb5-469d-811f-bcadf093fdb3,01-002,2026-05-25 15:21:47,2026-05-25 15:21:52,1,2.5,5.0,0.44,0,100.0,0
..\data\transform\anonymous_12,1320a29f-6fb5-469d-811f-bcadf093fdb3,01-003,2026-05-25 15:21:54,2026-05-25 15:21:55,1,1.0,1.0,0.45,0,100.0,0
..\data\transform\anonymous_12,1320a29f-6fb5-469d-811f-bcadf093fdb3,01-004,2026-05-25 15:21:59,2026-05-25 15:22:07,1,4.0,8.0,0.45,0,80.0,3
..\data\transform\anonymous_12,1320a29f-6fb5-469d-811f-bcadf093fdb3,01-005,2026-05-25 15:22:16,2026-05-25 15:22:24,1,8.0,8.0,0.46,0,100.0,0
..\data\transform\anonymous_12,1320a29f-6fb5-469d-811f-bcadf093fdb3,01-006,2026-05-25 15:22:26,2026-05-25 15:22:39,1,3.25,13.0,0.48,0,100.0,1
..\data\transform\anonymous_12,1320a29f-6fb5-469d-811f-bcadf093fdb3,01-007,2026-05-25 15:22:46,2026-05-25 15:23:20,1,4.86,34.0,0.52,0,100.0,0
..\data\transform\anonymous_12,1320a29f-6fb5-469d-811f-bcadf093fdb3,01-008,2026-05-25 15:23:24,2026-05-25 15:23:31,1,3.5,7.0,0.54,0,90.0,1
..\data\transform\anonymous_12,1320a29f-6fb5-469d-811f-bcadf093fdb3,01-009,2026-05-25 15:23:36,2026-05-25 15:23:43,1,7.0,7.0,0.53,0,70.0,3
..\data\transform\anonymous_12,1320a29f-6fb5-469d-811f-bcadf093fdb3,01-010,2026-05-25 15:24:14,2026-05-25 15:24:49,1,5.67,35.0,0.55,0,70.0,16
..\data\transform\anonymous_12,1320a29f-6fb5-469d-811f-bcadf093fdb3,02-001,2026-05-25 15:25:10,2026-05-25 15:25:14,1,4.0,4.0,0.56,0,49.5,1
..\data\transform\anonymous_12,1320a29f-6fb5-469d-811f-bcadf093fdb3,02-002,2026-05-25 15:25:25,2026-05-25 15:25:26,1,1.0,1.0,0.56,0,89.5,0
..\data\transform\anonymous_12,1320a29f-6fb5-469d-811f-bcadf093fdb3,02-003,2026-05-25 15:25:37,2026-05-25 15:26:06,1,9.67,29.0,0.57,0,90.0,10
..\data\transform\anonymous_12,1320a29f-6fb5-469d-811f-bcadf093fdb3,02-004,2026-05-25 15:26:39,2026-05-25 15:26:44,1,2.5,5.0,0.57,0,100.0,0
..\data\transform\anonymous_12,1320a29f-6fb5-469d-811f-bcadf093fdb3,02-005,2026-05-25 15:26:54,2026-05-25 15:27:10,1,5.33,16.0,0.56,0,90.0,3
..\data\transform\anonymous_12,1320a29f-6fb5-469d-811f-bcadf093fdb3,02-006,2026-05-25 15:27:13,2026-05-25 15:28:45,1,9.2,92.0,0.55,0,60.0,16
..\data\transform\anonymous_13,7650c3b0-aeb5-4296-80eb-b9011335fbec,01-001,2026-05-25 15:20:38,2026-05-25 15:20:40,1,2.0,2.0,0.46,0,100.0,0
..\data\transform\anonymous_13,7650c3b0-aeb5-4296-80eb-b9011335fbec,01-002,2026-05-25 15:20:45,2026-05-25 15:20:53,1,4.0,8.0,0.45,0,60.0,4
..\data\transform\anonymous_13,7650c3b0-aeb5-4296-80eb-b9011335fbec,01-003,2026-05-25 15:21:14,2026-05-25 15:21:15,1,1.0,1.0,0.46,0,100.0,0
..\data\transform\anonymous_13,7650c3b0-aeb5-4296-80eb-b9011335fbec,01-004,2026-05-25 15:21:27,2026-05-25 15:21:32,1,2.5,5.0,0.49,0,90.0,1
..\data\transform\anonymous_13,7650c3b0-aeb5-4296-80eb-b9011335fbec,01-005,2026-05-25 15:21:50,2026-05-25 15:22:10,1,20.0,20.0,0.55,0,67.0,13
..\data\transform\anonymous_13,7650c3b0-aeb5-4296-80eb-b9011335fbec,01-006,2026-05-25 15:22:16,2026-05-25 15:22:33,1,4.25,17.0,0.61,0,90.0,5
..\data\transform\anonymous_13,7650c3b0-aeb5-4296-80eb-b9011335fbec,01-007,2026-05-25 15:22:44,2026-05-25 15:23:06,1,3.14,22.0,0.68,0,90.0,0
..\data\transform\anonymous_13,7650c3b0-aeb5-4296-80eb-b9011335fbec,01-008,2026-05-25 15:23:12,2026-05-25 15:23:26,1,7.0,14.0,0.68,0,80.0,4
..\data\transform\anonymous_13,7650c3b0-aeb5-4296-80eb-b9011335fbec,01-009,2026-05-25 15:23:36,2026-05-25 15:23:37,1,1.0,1.0,0.65,0,100.0,0
..\data\transform\anonymous_13,7650c3b0-aeb5-4296-80eb-b9011335fbec,01-010,2026-05-25 15:24:05,2026-05-25 15:24:55,1,8.33,50.0,0.64,0,94.0,14
..\data\transform\anonymous_13,7650c3b0-aeb5-4296-80eb-b9011335fbec,02-001,2026-05-25 15:25:23,2026-05-25 15:25:24,1,1.0,1.0,0.64,0,100.0,0
..\data\transform\anonymous_13,7650c3b0-aeb5-4296-80eb-b9011335fbec,02-002,2026-05-25 15:25:48,2026-05-25 15:25:48,1,0.0,0.0,0.64,0,100.0,0
..\data\transform\anonymous_13,7650c3b0-aeb5-4296-80eb-b9011335fbec,02-003,2026-05-25 15:25:59,2026-05-25 15:26:27,1,9.33,28.0,0.65,0,85.0,5
..\data\transform\anonymous_13,7650c3b0-aeb5-4296-80eb-b9011335fbec,02-004,2026-05-25 15:27:56,2026-05-25 15:28:03,1,3.5,7.0,0.66,0,60.0,6
..\data\transform\anonymous_13,7650c3b0-aeb5-4296-80eb-b9011335fbec,02-005,2026-05-25 15:28:16,2026-05-25 15:28:29,1,4.0,13.0,0.65,0,70.0,4
..\data\transform\anonymous_13,7650c3b0-aeb5-4296-80eb-b9011335fbec,02-006,2026-05-25 15:28:31,2026-05-25 15:31:00,1,14.9,149.0,0.66,0,77.8,16
..\data\transform\anonymous_2,c0a06736-a0e8-49b2-b8e4-1389ec95e8ec,01-001,2026-05-25 15:18:31,2026-05-25 15:18:41,1,10.0,10.0,0.23,0,10.0,9
..\data\transform\anonymous_2,c0a06736-a0e8-49b2-b8e4-1389ec95e8ec,01-002,2026-05-25 15:18:47,2026-05-25 15:18:52,0,,5.0,0.33,2,0.0,5
..\data\transform\anonymous_2,c0a06736-a0e8-49b2-b8e4-1389ec95e8ec,01-001,2026-05-25 15:19:00,2026-05-25 15:19:02,1,2.0,2.0,0.37,0,100.0,0
..\data\transform\anonymous_2,c0a06736-a0e8-49b2-b8e4-1389ec95e8ec,01-002,2026-05-25 15:19:05,2026-05-25 15:19:17,1,6.0,12.0,0.41,0,70.0,6
..\data\transform\anonymous_2,c0a06736-a0e8-49b2-b8e4-1389ec95e8ec,01-003,2026-05-25 15:19:32,2026-05-25 15:19:34,1,2.0,2.0,0.45,0,70.0,3
..\data\transform\anonymous_2,c0a06736-a0e8-49b2-b8e4-1389ec95e8ec,01-004,2026-05-25 15:19:46,2026-05-25 15:19:51,1,2.5,5.0,0.49,0,90.0,4
..\data\transform\anonymous_2,c0a06736-a0e8-49b2-b8e4-1389ec95e8ec,01-005,2026-05-25 15:20:03,2026-05-25 15:20:26,1,23.0,23.0,0.51,0,82.0,6
..\data\transform\anonymous_2,c0a06736-a0e8-49b2-b8e4-1389ec95e8ec,01-006,2026-05-25 15:20:34,2026-05-25 15:21:01,1,6.75,27.0,0.49,0,100.0,9
..\data\transform\anonymous_2,c0a06736-a0e8-49b2-b8e4-1389ec95e8ec,01-007,2026-05-25 15:21:06,2026-05-25 15:21:38,1,4.57,32.0,0.56,0,100.0,0
..\data\transform\anonymous_2,c0a06736-a0e8-49b2-b8e4-1389ec95e8ec,01-008,2026-05-25 15:21:46,2026-05-25 15:21:55,1,4.5,9.0,0.6,0,70.0,5
..\data\transform\anonymous_2,c0a06736-a0e8-49b2-b8e4-1389ec95e8ec,01-009,2026-05-25 15:22:06,2026-05-25 15:22:09,1,3.0,3.0,0.59,0,80.0,2
..\data\transform\anonymous_2,c0a06736-a0e8-49b2-b8e4-1389ec95e8ec,01-010,2026-05-25 15:22:36,2026-05-25 15:23:57,1,13.5,81.0,0.58,0,100.0,29
..\data\transform\anonymous_2,c0a06736-a0e8-49b2-b8e4-1389ec95e8ec,02-001,2026-05-25 15:24:17,2026-05-25 15:24:19,1,2.0,2.0,0.6,0,100.0,0
..\data\transform\anonymous_2,c0a06736-a0e8-49b2-b8e4-1389ec95e8ec,02-002,2026-05-25 15:24:34,2026-05-25 15:24:35,1,1.0,1.0,0.6,0,100.0,0
..\data\transform\anonymous_2,c0a06736-a0e8-49b2-b8e4-1389ec95e8ec,02-003,2026-05-25 15:24:51,2026-05-25 15:26:05,1,24.67,74.0,0.59,0,90.0,25
..\data\transform\anonymous_2,c0a06736-a0e8-49b2-b8e4-1389ec95e8ec,02-004,2026-05-25 15:26:43,2026-05-25 15:26:48,1,2.5,5.0,0.59,0,60.0,3
..\data\transform\anonymous_2,c0a06736-a0e8-49b2-b8e4-1389ec95e8ec,02-005,2026-05-25 15:27:06,2026-05-25 15:27:24,1,6.0,18.0,0.59,0,70.0,3
..\data\transform\anonymous_2,c0a06736-a0e8-49b2-b8e4-1389ec95e8ec,02-006,2026-05-25 15:27:30,2026-05-25 15:31:23,1,23.3,233.0,0.57,0,100.0,25
..\data\transform\anonymous_3,492c210f-b1f5-479c-ae47-582f6e19189a,01-001,2026-05-25 15:14:34,2026-05-25 15:14:37,1,3.0,3.0,0.3,0,90.0,1
..\data\transform\anonymous_3,492c210f-b1f5-479c-ae47-582f6e19189a,01-002,2026-05-25 15:14:53,2026-05-25 15:15:01,0,3.0,8.0,0.57,1,0.0,7
..\data\transform\anonymous_3,492c210f-b1f5-479c-ae47-582f6e19189a,01-001,2026-05-25 15:15:25,2026-05-25 15:15:27,1,2.0,2.0,0.48,0,80.0,2
..\data\transform\anonymous_3,492c210f-b1f5-479c-ae47-582f6e19189a,01-002,2026-05-25 15:15:31,2026-05-25 15:15:38,1,7.0,7.0,0.46,0,30.0,7
..\data\transform\anonymous_3,492c210f-b1f5-479c-ae47-582f6e19189a,01-003,2026-05-25 15:16:10,2026-05-25 15:16:16,1,6.0,6.0,0.45,0,100.0,0
..\data\transform\anonymous_3,492c210f-b1f5-479c-ae47-582f6e19189a,01-004,2026-05-25 15:16:59,2026-05-25 15:17:10,1,5.5,11.0,0.42,0,100.0,0
..\data\transform\anonymous_3,492c210f-b1f5-479c-ae47-582f6e19189a,01-005,2026-05-25 15:17:22,2026-05-25 15:17:36,1,14.0,14.0,0.49,0,100.0,0
..\data\transform\anonymous_3,492c210f-b1f5-479c-ae47-582f6e19189a,01-006,2026-05-25 15:17:44,2026-05-25 15:18:08,1,12.0,24.0,0.51,0,100.0,0
..\data\transform\anonymous_3,492c210f-b1f5-479c-ae47-582f6e19189a,01-007,2026-05-25 15:18:21,2026-05-25 15:19:10,1,7.0,49.0,0.54,0,100.0,0
..\data\transform\anonymous_3,492c210f-b1f5-479c-ae47-582f6e19189a,01-008,2026-05-25 15:19:14,2026-05-25 15:19:25,1,5.5,11.0,0.57,0,100.0,0
..\data\transform\anonymous_3,492c210f-b1f5-479c-ae47-582f6e19189a,01-009,2026-05-25 15:19:57,2026-05-25 15:20:00,1,3.0,3.0,0.56,0,100.0,0
..\data\transform\anonymous_3,492c210f-b1f5-479c-ae47-582f6e19189a,01-010,2026-05-25 15:20:47,2026-05-25 15:21:36,1,8.17,49.0,0.57,0,100.0,0
..\data\transform\anonymous_3,492c210f-b1f5-479c-ae47-582f6e19189a,02-001,2026-05-25 15:21:59,2026-05-25 15:22:10,1,11.0,11.0,0.6,0,60.9,3
..\data\transform\anonymous_3,492c210f-b1f5-479c-ae47-582f6e19189a,02-001,2026-05-25 15:22:55,2026-05-25 15:23:19,1,24.0,24.0,0.59,0,12.4,4
..\data\transform\anonymous_3,492c210f-b1f5-479c-ae47-582f6e19189a,02-002,2026-05-25 15:23:29,2026-05-25 15:23:30,1,1.0,1.0,0.59,0,90.0,1
..\data\transform\anonymous_3,492c210f-b1f5-479c-ae47-582f6e19189a,02-003,2026-05-25 15:23:40,2026-05-25 15:24:24,1,14.67,44.0,0.59,0,100.0,18
..\data\transform\anonymous_3,492c210f-b1f5-479c-ae47-582f6e19189a,02-004,2026-05-25 15:27:29,2026-05-25 15:27:33,0,,4.0,0.58,2,0.0,9
..\data\transform\anonymous_3,492c210f-b1f5-479c-ae47-582f6e19189a,02-001,2026-05-25 15:27:44,2026-05-25 15:27:45,1,1.0,1.0,0.57,0,100.0,0
..\data\transform\anonymous_3,492c210f-b1f5-479c-ae47-582f6e19189a,02-002,2026-05-25 15:27:54,2026-05-25 15:27:55,1,1.0,1.0,0.57,0,100.0,0
..\data\transform\anonymous_3,492c210f-b1f5-479c-ae47-582f6e19189a,02-001,2026-05-25 15:28:14,2026-05-25 15:28:16,1,2.0,2.0,0.57,0,100.0,0
..\data\transform\anonymous_3,492c210f-b1f5-479c-ae47-582f6e19189a,02-002,2026-05-25 15:28:21,2026-05-25 15:28:23,1,2.0,2.0,0.57,0,100.0,0
..\data\transform\anonymous_3,492c210f-b1f5-479c-ae47-582f6e19189a,02-003,2026-05-25 15:28:31,2026-05-25 15:29:09,1,12.67,38.0,0.57,0,61.0,13
..\data\transform\anonymous_3,492c210f-b1f5-479c-ae47-582f6e19189a,02-004,2026-05-25 15:29:31,2026-05-25 15:29:38,1,3.5,7.0,0.56,0,73.7,2
..\data\transform\anonymous_3,492c210f-b1f5-479c-ae47-582f6e19189a,02-005,2026-05-25 15:29:53,2026-05-25 15:30:06,1,4.33,13.0,0.57,0,80.0,2
..\data\transform\anonymous_3,492c210f-b1f5-479c-ae47-582f6e19189a,02-006,2026-05-25 15:30:18,2026-05-25 15:32:44,0,30.0,146.0,0.59,6,0.0,20
..\data\transform\anonymous_3,492c210f-b1f5-479c-ae47-582f6e19189a,02-001,2026-05-25 15:35:19,2026-05-25 15:35:19,1,0.0,0.0,0.59,0,100.0,0
..\data\transform\anonymous_3,492c210f-b1f5-479c-ae47-582f6e19189a,02-002,2026-05-25 15:35:31,2026-05-25 15:35:32,1,1.0,1.0,0.59,0,100.0,0
..\data\transform\anonymous_3,492c210f-b1f5-479c-ae47-582f6e19189a,02-001,2026-05-25 15:35:53,2026-05-25 15:35:54,1,1.0,1.0,0.59,0,100.0,0
..\data\transform\anonymous_3,492c210f-b1f5-479c-ae47-582f6e19189a,02-002,2026-05-25 15:36:00,2026-05-25 15:36:00,1,0.0,0.0,0.59,0,100.0,0
..\data\transform\anonymous_3,492c210f-b1f5-479c-ae47-582f6e19189a,02-003,2026-05-25 15:36:08,2026-05-25 15:36:44,1,12.0,36.0,0.6,0,82.0,7
..\data\transform\anonymous_3,492c210f-b1f5-479c-ae47-582f6e19189a,02-004,2026-05-25 15:37:08,2026-05-25 15:37:15,1,3.5,7.0,0.6,0,100.0,0
..\data\transform\anonymous_3,492c210f-b1f5-479c-ae47-582f6e19189a,02-005,2026-05-25 15:37:24,2026-05-25 15:37:37,1,4.33,13.0,0.6,0,80.0,2
..\data\transform\anonymous_3,492c210f-b1f5-479c-ae47-582f6e19189a,02-006,2026-05-25 15:37:41,2026-05-25 15:40:43,1,18.2,182.0,0.62,0,100.0,19
..\data\transform\anonymous_4,369f28d1-da65-4df6-a2e2-43cac7a2a736,01-001,2026-05-25 15:18:56,2026-05-25 15:19:07,1,11.0,11.0,0.18,0,50.0,5
..\data\transform\anonymous_4,369f28d1-da65-4df6-a2e2-43cac7a2a736,01-002,2026-05-25 15:19:11,2026-05-25 15:19:31,1,10.0,20.0,0.33,0,80.0,3
..\data\transform\anonymous_4,369f28d1-da65-4df6-a2e2-43cac7a2a736,01-003,2026-05-25 15:19:54,2026-05-25 15:19:58,1,4.0,4.0,0.38,0,50.0,5
..\data\transform\anonymous_4,369f28d1-da65-4df6-a2e2-43cac7a2a736,01-004,2026-05-25 15:20:10,2026-05-25 15:20:14,1,2.0,4.0,0.42,0,70.0,2
..\data\transform\anonymous_4,369f28d1-da65-4df6-a2e2-43cac7a2a736,01-005,2026-05-25 15:20:42,2026-05-25 15:21:01,1,19.0,19.0,0.46,0,67.0,11
..\data\transform\anonymous_4,369f28d1-da65-4df6-a2e2-43cac7a2a736,01-006,2026-05-25 15:21:06,2026-05-25 15:21:31,1,6.25,25.0,0.51,0,60.0,10
..\data\transform\anonymous_4,369f28d1-da65-4df6-a2e2-43cac7a2a736,01-007,2026-05-25 15:21:53,2026-05-25 15:22:29,1,5.14,36.0,0.57,0,100.0,0
..\data\transform\anonymous_4,369f28d1-da65-4df6-a2e2-43cac7a2a736,01-008,2026-05-25 15:22:35,2026-05-25 15:22:40,1,2.5,5.0,0.61,0,100.0,1
..\data\transform\anonymous_4,369f28d1-da65-4df6-a2e2-43cac7a2a736,01-009,2026-05-25 15:22:48,2026-05-25 15:22:48,1,0.0,0.0,0.61,0,90.0,1
..\data\transform\anonymous_4,369f28d1-da65-4df6-a2e2-43cac7a2a736,01-010,2026-05-25 15:23:10,2026-05-25 15:23:55,1,7.5,45.0,0.65,0,82.0,15
..\data\transform\anonymous_4,369f28d1-da65-4df6-a2e2-43cac7a2a736,02-001,2026-05-25 15:24:25,2026-05-25 15:24:25,1,0.0,0.0,0.67,0,100.0,0
..\data\transform\anonymous_4,369f28d1-da65-4df6-a2e2-43cac7a2a736,02-002,2026-05-25 15:24:38,2026-05-25 15:24:40,1,2.0,2.0,0.67,0,100.0,0
..\data\transform\anonymous_4,369f28d1-da65-4df6-a2e2-43cac7a2a736,02-003,2026-05-25 15:25:13,2026-05-25 15:25:54,1,13.67,41.0,0.68,0,97.0,1
..\data\transform\anonymous_4,369f28d1-da65-4df6-a2e2-43cac7a2a736,02-004,2026-05-25 15:26:44,2026-05-25 15:26:49,1,2.5,5.0,0.68,0,80.0,2
..\data\transform\anonymous_4,369f28d1-da65-4df6-a2e2-43cac7a2a736,02-005,2026-05-25 15:27:02,2026-05-25 15:27:15,1,4.33,13.0,0.68,0,90.0,2
..\data\transform\anonymous_4,369f28d1-da65-4df6-a2e2-43cac7a2a736,02-006,2026-05-25 15:27:19,2026-05-25 15:30:21,1,18.2,182.0,0.68,0,100.0,12
..\data\transform\anonymous_5,3db9e1a3-2619-4c72-bdf8-b4430c46110f,01-001,2026-05-25 15:20:34,2026-05-25 15:20:36,1,2.0,2.0,0.31,0,90.0,1
..\data\transform\anonymous_5,3db9e1a3-2619-4c72-bdf8-b4430c46110f,01-002,2026-05-25 15:20:49,2026-05-25 15:20:55,1,3.0,6.0,0.55,0,60.0,4
..\data\transform\anonymous_5,3db9e1a3-2619-4c72-bdf8-b4430c46110f,01-003,2026-05-25 15:21:06,2026-05-25 15:21:11,1,5.0,5.0,0.53,0,60.0,4
..\data\transform\anonymous_5,3db9e1a3-2619-4c72-bdf8-b4430c46110f,01-004,2026-05-25 15:21:39,2026-05-25 15:21:51,1,6.0,12.0,0.49,0,70.0,5
..\data\transform\anonymous_5,3db9e1a3-2619-4c72-bdf8-b4430c46110f,01-005,2026-05-25 15:22:05,2026-05-25 15:22:15,1,10.0,10.0,0.59,0,61.0,14
..\data\transform\anonymous_5,3db9e1a3-2619-4c72-bdf8-b4430c46110f,01-006,2026-05-25 15:22:20,2026-05-25 15:22:26,0,,6.0,0.59,4,0.0,10
..\data\transform\anonymous_5,3db9e1a3-2619-4c72-bdf8-b4430c46110f,01-001,2026-05-25 15:22:37,2026-05-25 15:22:38,1,1.0,1.0,0.57,0,100.0,0
..\data\transform\anonymous_5,3db9e1a3-2619-4c72-bdf8-b4430c46110f,01-002,2026-05-25 15:22:41,2026-05-25 15:22:46,1,2.5,5.0,0.57,0,90.0,4
..\data\transform\anonymous_5,3db9e1a3-2619-4c72-bdf8-b4430c46110f,01-003,2026-05-25 15:22:50,2026-05-25 15:22:51,1,1.0,1.0,0.59,0,80.0,2
..\data\transform\anonymous_5,3db9e1a3-2619-4c72-bdf8-b4430c46110f,01-004,2026-05-25 15:22:57,2026-05-25 15:23:04,1,3.5,7.0,0.56,0,50.0,8
..\data\transform\anonymous_5,3db9e1a3-2619-4c72-bdf8-b4430c46110f,01-005,2026-05-25 15:23:12,2026-05-25 15:23:20,1,8.0,8.0,0.59,0,55.0,15
..\data\transform\anonymous_5,3db9e1a3-2619-4c72-bdf8-b4430c46110f,01-006,2026-05-25 15:23:32,2026-05-25 15:23:53,1,5.25,21.0,0.6,0,85.0,5
..\data\transform\anonymous_5,3db9e1a3-2619-4c72-bdf8-b4430c46110f,01-007,2026-05-25 15:24:27,2026-05-25 15:25:05,1,5.43,38.0,0.62,0,100.0,0
..\data\transform\anonymous_5,3db9e1a3-2619-4c72-bdf8-b4430c46110f,01-008,2026-05-25 15:25:12,2026-05-25 15:25:17,1,2.5,5.0,0.65,0,90.0,1
..\data\transform\anonymous_5,3db9e1a3-2619-4c72-bdf8-b4430c46110f,01-009,2026-05-25 15:25:36,2026-05-25 15:25:36,1,0.0,0.0,0.66,0,100.0,0
..\data\transform\anonymous_5,3db9e1a3-2619-4c72-bdf8-b4430c46110f,01-010,2026-05-25 15:26:45,2026-05-25 15:27:45,1,10.0,60.0,0.66,0,58.0,47
..\data\transform\anonymous_5,3db9e1a3-2619-4c72-bdf8-b4430c46110f,02-001,2026-05-25 15:28:06,2026-05-25 15:28:10,1,4.0,4.0,0.67,0,100.0,0
..\data\transform\anonymous_5,3db9e1a3-2619-4c72-bdf8-b4430c46110f,02-002,2026-05-25 15:28:34,2026-05-25 15:28:41,1,7.0,7.0,0.66,0,100.0,0
..\data\transform\anonymous_5,3db9e1a3-2619-4c72-bdf8-b4430c46110f,02-003,2026-05-25 15:28:53,2026-05-25 15:29:06,0,,13.0,0.66,3,0.0,15
..\data\transform\anonymous_5,3db9e1a3-2619-4c72-bdf8-b4430c46110f,02-001,2026-05-25 15:29:16,2026-05-25 15:29:20,1,4.0,4.0,0.66,0,100.0,0
..\data\transform\anonymous_5,3db9e1a3-2619-4c72-bdf8-b4430c46110f,02-002,2026-05-25 15:29:26,2026-05-25 15:29:28,1,2.0,2.0,0.66,0,100.0,0
..\data\transform\anonymous_5,3db9e1a3-2619-4c72-bdf8-b4430c46110f,02-001,2026-05-25 15:29:52,2026-05-25 15:29:54,1,2.0,2.0,0.66,0,100.0,0
..\data\transform\anonymous_5,3db9e1a3-2619-4c72-bdf8-b4430c46110f,02-002,2026-05-25 15:29:59,2026-05-25 15:30:00,1,1.0,1.0,0.66,0,100.0,0
..\data\transform\anonymous_5,3db9e1a3-2619-4c72-bdf8-b4430c46110f,02-003,2026-05-25 15:30:11,2026-05-25 15:30:43,1,10.67,32.0,0.66,0,100.0,28
..\data\transform\anonymous_5,3db9e1a3-2619-4c72-bdf8-b4430c46110f,02-004,2026-05-25 15:32:23,2026-05-25 15:32:27,1,2.0,4.0,0.66,0,37.9,4
..\data\transform\anonymous_5,3db9e1a3-2619-4c72-bdf8-b4430c46110f,02-005,2026-05-25 15:32:47,2026-05-25 15:32:57,1,3.33,10.0,0.66,0,90.0,3
..\data\transform\anonymous_5,3db9e1a3-2619-4c72-bdf8-b4430c46110f,02-006,2026-05-25 15:33:03,2026-05-25 15:36:28,1,20.5,205.0,0.68,0,100.0,7
..\data\transform\anonymous_5,3db9e1a3-2619-4c72-bdf8-b4430c46110f,01-001,2026-05-25 15:36:56,2026-05-25 15:37:03,0,,7.0,0.68,1,0.0,10
..\data\transform\anonymous_6,3d19f494-a345-443d-89ad-e42063ca3d64,01-001,2026-05-25 15:24:34,2026-05-25 15:24:37,1,3.0,3.0,0.53,0,80.0,2
..\data\transform\anonymous_6,3d19f494-a345-443d-89ad-e42063ca3d64,01-002,2026-05-25 15:24:46,2026-05-25 15:24:54,1,4.0,8.0,0.3,0,40.0,5
..\data\transform\anonymous_6,3d19f494-a345-443d-89ad-e42063ca3d64,01-003,2026-05-25 15:25:22,2026-05-25 15:25:23,1,1.0,1.0,0.29,0,90.0,1
..\data\transform\anonymous_6,3d19f494-a345-443d-89ad-e42063ca3d64,01-004,2026-05-25 15:25:31,2026-05-25 15:25:36,1,2.5,5.0,0.3,0,60.0,4
..\data\transform\anonymous_6,3d19f494-a345-443d-89ad-e42063ca3d64,01-005,2026-05-25 15:26:04,2026-05-25 15:26:13,1,9.0,9.0,0.36,0,100.0,5
..\data\transform\anonymous_6,3d19f494-a345-443d-89ad-e42063ca3d64,01-006,2026-05-25 15:26:22,2026-05-25 15:26:34,1,3.0,12.0,0.42,0,60.0,10
..\data\transform\anonymous_6,3d19f494-a345-443d-89ad-e42063ca3d64,01-007,2026-05-25 15:27:18,2026-05-25 15:27:52,1,4.86,34.0,0.47,0,100.0,0
..\data\transform\anonymous_6,3d19f494-a345-443d-89ad-e42063ca3d64,01-008,2026-05-25 15:28:01,2026-05-25 15:28:09,1,4.0,8.0,0.52,0,100.0,2
..\data\transform\anonymous_6,3d19f494-a345-443d-89ad-e42063ca3d64,01-009,2026-05-25 15:28:27,2026-05-25 15:28:28,1,1.0,1.0,0.52,0,90.0,1
..\data\transform\anonymous_6,3d19f494-a345-443d-89ad-e42063ca3d64,01-010,2026-05-25 15:28:53,2026-05-25 15:29:41,1,8.0,48.0,0.52,0,88.0,22
..\data\transform\anonymous_6,3d19f494-a345-443d-89ad-e42063ca3d64,02-001,2026-05-25 15:29:58,2026-05-25 15:30:02,1,4.0,4.0,0.53,0,90.0,2
..\data\transform\anonymous_6,3d19f494-a345-443d-89ad-e42063ca3d64,02-002,2026-05-25 15:30:34,2026-05-25 15:30:35,1,1.0,1.0,0.52,0,90.0,1
..\data\transform\anonymous_6,3d19f494-a345-443d-89ad-e42063ca3d64,02-003,2026-05-25 15:30:41,2026-05-25 15:30:47,0,,6.0,0.52,3,0.0,3
..\data\transform\anonymous_6,3d19f494-a345-443d-89ad-e42063ca3d64,02-001,2026-05-25 15:30:58,2026-05-25 15:30:59,1,1.0,1.0,0.52,0,100.0,0
..\data\transform\anonymous_6,3d19f494-a345-443d-89ad-e42063ca3d64,02-002,2026-05-25 15:31:14,2026-05-25 15:31:16,1,2.0,2.0,0.53,0,100.0,0
..\data\transform\anonymous_6,3d19f494-a345-443d-89ad-e42063ca3d64,02-003,2026-05-25 15:31:23,2026-05-25 15:31:38,1,5.0,15.0,0.54,0,100.0,0
..\data\transform\anonymous_6,3d19f494-a345-443d-89ad-e42063ca3d64,02-004,2026-05-25 15:32:20,2026-05-25 15:32:25,1,2.5,5.0,0.55,0,90.0,1
..\data\transform\anonymous_6,3d19f494-a345-443d-89ad-e42063ca3d64,02-005,2026-05-25 15:32:37,2026-05-25 15:32:45,1,2.67,8.0,0.55,0,90.0,2
..\data\transform\anonymous_6,3d19f494-a345-443d-89ad-e42063ca3d64,02-006,2026-05-25 15:32:49,2026-05-25 15:34:54,1,12.5,125.0,0.57,0,100.0,20
..\data\transform\anonymous_7,5c512fc7-2352-4130-b1db-ae87953393ed,01-001,2026-05-25 15:16:22,2026-05-25 15:16:25,1,3.0,3.0,0.58,0,80.0,2
..\data\transform\anonymous_7,5c512fc7-2352-4130-b1db-ae87953393ed,01-002,2026-05-25 15:16:28,2026-05-25 15:16:35,1,3.5,7.0,0.57,0,40.0,6
..\data\transform\anonymous_7,5c512fc7-2352-4130-b1db-ae87953393ed,01-003,2026-05-25 15:16:43,2026-05-25 15:16:45,1,2.0,2.0,0.58,0,80.0,2
..\data\transform\anonymous_7,5c512fc7-2352-4130-b1db-ae87953393ed,01-004,2026-05-25 15:16:52,2026-05-25 15:17:11,1,9.5,19.0,0.49,0,20.0,9
..\data\transform\anonymous_7,5c512fc7-2352-4130-b1db-ae87953393ed,01-005,2026-05-25 15:17:36,2026-05-25 15:18:01,1,25.0,25.0,0.48,0,43.0,23
..\data\transform\anonymous_7,5c512fc7-2352-4130-b1db-ae87953393ed,01-006,2026-05-25 15:18:07,2026-05-25 15:18:11,0,4.0,4.0,0.52,3,0.0,5
..\data\transform\anonymous_7,5c512fc7-2352-4130-b1db-ae87953393ed,01-001,2026-05-25 15:18:22,2026-05-25 15:18:24,1,2.0,2.0,0.53,0,90.0,1
..\data\transform\anonymous_7,5c512fc7-2352-4130-b1db-ae87953393ed,01-002,2026-05-25 15:18:26,2026-05-25 15:18:31,0,,5.0,0.53,2,0.0,10
..\data\transform\anonymous_7,5c512fc7-2352-4130-b1db-ae87953393ed,01-001,2026-05-25 15:18:50,2026-05-25 15:18:51,1,1.0,1.0,0.51,0,100.0,0
..\data\transform\anonymous_7,5c512fc7-2352-4130-b1db-ae87953393ed,01-002,2026-05-25 15:18:53,2026-05-25 15:18:57,1,2.0,4.0,0.53,0,70.0,3
..\data\transform\anonymous_7,5c512fc7-2352-4130-b1db-ae87953393ed,01-003,2026-05-25 15:19:01,2026-05-25 15:19:02,1,1.0,1.0,0.55,0,90.0,1
..\data\transform\anonymous_7,5c512fc7-2352-4130-b1db-ae87953393ed,01-004,2026-05-25 15:19:16,2026-05-25 15:19:26,1,5.0,10.0,0.54,0,70.0,4
..\data\transform\anonymous_7,5c512fc7-2352-4130-b1db-ae87953393ed,01-005,2026-05-25 15:19:45,2026-05-25 15:19:56,1,11.0,11.0,0.56,0,100.0,0
..\data\transform\anonymous_7,5c512fc7-2352-4130-b1db-ae87953393ed,01-006,2026-05-25 15:20:04,2026-05-25 15:20:20,1,4.0,16.0,0.58,0,90.0,2
..\data\transform\anonymous_7,5c512fc7-2352-4130-b1db-ae87953393ed,01-007,2026-05-25 15:20:42,2026-05-25 15:21:28,1,6.57,46.0,0.61,0,100.0,0
..\data\transform\anonymous_7,5c512fc7-2352-4130-b1db-ae87953393ed,01-008,2026-05-25 15:21:41,2026-05-25 15:21:50,1,4.5,9.0,0.64,0,100.0,0
..\data\transform\anonymous_7,5c512fc7-2352-4130-b1db-ae87953393ed,01-009,2026-05-25 15:21:59,2026-05-25 15:21:59,1,0.0,0.0,0.65,0,100.0,0
..\data\transform\anonymous_7,5c512fc7-2352-4130-b1db-ae87953393ed,01-010,2026-05-25 15:22:34,2026-05-25 15:23:37,1,10.5,63.0,0.66,0,64.0,28
..\data\transform\anonymous_7,5c512fc7-2352-4130-b1db-ae87953393ed,02-001,2026-05-25 15:24:00,2026-05-25 15:24:10,1,10.0,10.0,0.66,0,100.0,0
..\data\transform\anonymous_7,5c512fc7-2352-4130-b1db-ae87953393ed,02-002,2026-05-25 15:24:47,2026-05-25 15:24:49,1,2.0,2.0,0.66,0,100.0,0
..\data\transform\anonymous_7,5c512fc7-2352-4130-b1db-ae87953393ed,02-003,2026-05-25 15:25:04,2026-05-25 15:25:35,1,10.33,31.0,0.67,0,97.0,1
..\data\transform\anonymous_7,5c512fc7-2352-4130-b1db-ae87953393ed,02-004,2026-05-25 15:27:58,2026-05-25 15:28:06,1,4.0,8.0,0.66,0,30.0,7
..\data\transform\anonymous_7,5c512fc7-2352-4130-b1db-ae87953393ed,02-005,2026-05-25 15:28:20,2026-05-25 15:28:36,1,5.33,16.0,0.66,0,90.0,1
..\data\transform\anonymous_7,5c512fc7-2352-4130-b1db-ae87953393ed,02-006,2026-05-25 15:28:40,2026-05-25 15:31:13,0,17.88,153.0,0.68,2,0.0,30
..\data\transform\anonymous_7,5c512fc7-2352-4130-b1db-ae87953393ed,02-001,2026-05-25 15:31:37,2026-05-25 15:31:50,1,13.0,13.0,0.68,0,80.0,2
..\data\transform\anonymous_7,5c512fc7-2352-4130-b1db-ae87953393ed,02-002,2026-05-25 15:31:58,2026-05-25 15:31:59,1,1.0,1.0,0.68,0,100.0,0
..\data\transform\anonymous_8,20bf0a8d-531a-4d31-8710-916ca533fbf3,01-001,2026-05-25 15:18:24,2026-05-25 15:18:27,1,3.0,3.0,0.16,0,90.0,1
..\data\transform\anonymous_8,20bf0a8d-531a-4d31-8710-916ca533fbf3,01-002,2026-05-25 15:18:44,2026-05-25 15:18:49,1,2.5,5.0,0.27,0,70.0,6
..\data\transform\anonymous_8,20bf0a8d-531a-4d31-8710-916ca533fbf3,01-003,2026-05-25 15:19:10,2026-05-25 15:19:11,1,1.0,1.0,0.32,0,100.0,0
..\data\transform\anonymous_8,20bf0a8d-531a-4d31-8710-916ca533fbf3,01-004,2026-05-25 15:19:20,2026-05-25 15:19:28,1,8.0,8.0,0.35,0,60.0,8
..\data\transform\anonymous_8,20bf0a8d-531a-4d31-8710-916ca533fbf3,01-005,2026-05-25 15:19:40,2026-05-25 15:19:50,1,10.0,10.0,0.42,0,100.0,0
..\data\transform\anonymous_8,20bf0a8d-531a-4d31-8710-916ca533fbf3,01-006,2026-05-25 15:19:56,2026-05-25 15:20:09,1,3.25,13.0,0.48,0,80.0,9
..\data\transform\anonymous_8,20bf0a8d-531a-4d31-8710-916ca533fbf3,01-007,2026-05-25 15:20:43,2026-05-25 15:21:13,1,4.29,30.0,0.49,0,100.0,0
..\data\transform\anonymous_8,20bf0a8d-531a-4d31-8710-916ca533fbf3,01-008,2026-05-25 15:21:20,2026-05-25 15:21:30,1,5.0,10.0,0.49,0,40.0,10
..\data\transform\anonymous_8,20bf0a8d-531a-4d31-8710-916ca533fbf3,01-009,2026-05-25 15:21:50,2026-05-25 15:21:51,1,1.0,1.0,0.48,0,80.0,0
..\data\transform\anonymous_8,20bf0a8d-531a-4d31-8710-916ca533fbf3,01-010,2026-05-25 15:22:09,2026-05-25 15:22:57,1,8.0,48.0,0.5,0,76.0,11
..\data\transform\anonymous_8,20bf0a8d-531a-4d31-8710-916ca533fbf3,02-001,2026-05-25 15:23:25,2026-05-25 15:23:41,1,16.0,16.0,0.52,0,100.0,1
..\data\transform\anonymous_8,20bf0a8d-531a-4d31-8710-916ca533fbf3,02-002,2026-05-25 15:23:51,2026-05-25 15:23:58,0,,7.0,0.5,1,0.0,6
..\data\transform\anonymous_8,20bf0a8d-531a-4d31-8710-916ca533fbf3,02-001,2026-05-25 15:24:13,2026-05-25 15:24:14,1,1.0,1.0,0.5,0,100.0,0
..\data\transform\anonymous_8,20bf0a8d-531a-4d31-8710-916ca533fbf3,02-002,2026-05-25 15:24:25,2026-05-25 15:24:26,1,1.0,1.0,0.5,0,100.0,0
..\data\transform\anonymous_8,20bf0a8d-531a-4d31-8710-916ca533fbf3,02-003,2026-05-25 15:24:41,2026-05-25 15:25:14,1,11.0,33.0,0.51,0,100.0,18
..\data\transform\anonymous_8,20bf0a8d-531a-4d31-8710-916ca533fbf3,02-004,2026-05-25 15:25:51,2026-05-25 15:25:55,1,2.0,4.0,0.51,0,70.0,3
..\data\transform\anonymous_8,20bf0a8d-531a-4d31-8710-916ca533fbf3,02-005,2026-05-25 15:26:06,2026-05-25 15:26:22,1,5.33,16.0,0.51,0,90.0,4
..\data\transform\anonymous_8,20bf0a8d-531a-4d31-8710-916ca533fbf3,02-006,2026-05-25 15:26:24,2026-05-25 15:28:09,1,10.5,105.0,0.53,0,90.0,16
..\data\transform\anonymous_9,3998fe5d-b498-49ec-a99f-02a682297634,01-001,2026-05-25 15:15:52,2026-05-25 15:15:56,1,4.0,4.0,0.6,0,90.0,1
..\data\transform\anonymous_9,3998fe5d-b498-49ec-a99f-02a682297634,01-002,2026-05-25 15:16:02,2026-05-25 15:16:15,1,13.0,13.0,0.48,0,40.0,10
..\data\transform\anonymous_9,3998fe5d-b498-49ec-a99f-02a682297634,01-003,2026-05-25 15:16:20,2026-05-25 15:16:22,1,2.0,2.0,0.43,0,80.0,0
..\data\transform\anonymous_9,3998fe5d-b498-49ec-a99f-02a682297634,01-004,2026-05-25 15:16:26,2026-05-25 15:16:31,1,2.5,5.0,0.51,0,100.0,0
..\data\transform\anonymous_9,3998fe5d-b498-49ec-a99f-02a682297634,01-005,2026-05-25 15:16:41,2026-05-25 15:17:09,1,28.0,28.0,0.56,0,88.0,4
..\data\transform\anonymous_9,3998fe5d-b498-49ec-a99f-02a682297634,01-006,2026-05-25 15:17:13,2026-05-25 15:17:19,0,,6.0,0.53,4,0.0,10
..\data\transform\anonymous_9,3998fe5d-b498-49ec-a99f-02a682297634,01-001,2026-05-25 15:17:25,2026-05-25 15:17:29,1,4.0,4.0,0.51,0,90.0,1
..\data\transform\anonymous_9,3998fe5d-b498-49ec-a99f-02a682297634,01-002,2026-05-25 15:17:32,2026-05-25 15:17:42,1,5.0,10.0,0.51,0,20.0,8
..\data\transform\anonymous_9,3998fe5d-b498-49ec-a99f-02a682297634,01-003,2026-05-25 15:17:45,2026-05-25 15:17:47,1,2.0,2.0,0.52,0,100.0,0
..\data\transform\anonymous_9,3998fe5d-b498-49ec-a99f-02a682297634,01-004,2026-05-25 15:17:52,2026-05-25 15:17:57,1,2.5,5.0,0.5,0,90.0,2
..\data\transform\anonymous_9,3998fe5d-b498-49ec-a99f-02a682297634,01-005,2026-05-25 15:18:07,2026-05-25 15:18:20,1,13.0,13.0,0.52,0,100.0,0
..\data\transform\anonymous_9,3998fe5d-b498-49ec-a99f-02a682297634,01-006,2026-05-25 15:18:25,2026-05-25 15:18:41,1,4.0,16.0,0.55,0,100.0,2
..\data\transform\anonymous_9,3998fe5d-b498-49ec-a99f-02a682297634,01-007,2026-05-25 15:18:46,2026-05-25 15:19:12,1,3.71,26.0,0.58,0,100.0,0
..\data\transform\anonymous_9,3998fe5d-b498-49ec-a99f-02a682297634,01-008,2026-05-25 15:19:21,2026-05-25 15:19:26,1,2.5,5.0,0.6,0,100.0,0
..\data\transform\anonymous_9,3998fe5d-b498-49ec-a99f-02a682297634,01-009,2026-05-25 15:19:34,2026-05-25 15:19:35,1,1.0,1.0,0.6,0,100.0,0
..\data\transform\anonymous_9,3998fe5d-b498-49ec-a99f-02a682297634,01-010,2026-05-25 15:20:03,2026-05-25 15:20:43,1,6.67,40.0,0.61,0,97.0,5
..\data\transform\anonymous_9,3998fe5d-b498-49ec-a99f-02a682297634,02-001,2026-05-25 15:21:14,2026-05-25 15:21:15,1,1.0,1.0,0.64,0,100.0,0
..\data\transform\anonymous_9,3998fe5d-b498-49ec-a99f-02a682297634,02-002,2026-05-25 15:21:43,2026-05-25 15:21:47,1,4.0,4.0,0.64,0,100.0,0
..\data\transform\anonymous_9,3998fe5d-b498-49ec-a99f-02a682297634,02-003,2026-05-25 15:21:54,2026-05-25 15:22:12,1,6.0,18.0,0.64,0,100.0,0
..\data\transform\anonymous_9,3998fe5d-b498-49ec-a99f-02a682297634,02-004,2026-05-25 15:22:47,2026-05-25 15:22:54,1,3.5,7.0,0.63,0,60.0,8
..\data\transform\anonymous_9,3998fe5d-b498-49ec-a99f-02a682297634,02-005,2026-05-25 15:23:04,2026-05-25 15:23:12,1,2.67,8.0,0.63,0,90.0,1
..\data\transform\anonymous_9,3998fe5d-b498-49ec-a99f-02a682297634,02-006,2026-05-25 15:23:14,2026-05-25 15:25:03,1,10.9,109.0,0.63,0,90.0,6
